user1,user2,label,prediction,probability,prob_score
61,92,1,1.0,"[0.30364257274138184,0.6963574272586182]",0.6963574272586182
183,199,1,1.0,"[0.46667525240168717,0.5333247475983128]",0.5333247475983128
187,61,1,1.0,"[0.16253920128339297,0.8374607987166071]",0.8374607987166071
161,190,1,1.0,"[0.26766569466880036,0.7323343053311997]",0.7323343053311997
61,68,1,0.0,"[0.5897651337539858,0.41023486624601424]",0.41023486624601424
140,150,1,0.0,"[0.7690629881469186,0.23093701185308135]",0.23093701185308135
135,94,1,1.0,"[0.3572444127625366,0.6427555872374634]",0.6427555872374634
110,121,0,0.0,"[0.8347342846674944,0.16526571533250556]",0.16526571533250556
119,84,0,1.0,"[0.19419988943827188,0.8058001105617281]",0.8058001105617281
111,84,0,1.0,"[0.24222783076169493,0.757772169238305]",0.757772169238305
115,61,1,1.0,"[0.2009209173200633,0.7990790826799367]",0.7990790826799367
134,96,0,1.0,"[0.21886467782488883,0.7811353221751112]",0.7811353221751112
152,89,0,0.0,"[0.8956151604145586,0.10438483958544142]",0.10438483958544142
170,76,0,0.0,"[0.863925457708414,0.136074542291586]",0.136074542291586
105,61,1,1.0,"[0.19716860345837817,0.8028313965416218]",0.8028313965416218
121,94,1,1.0,"[0.26220355033639825,0.7377964496636018]",0.7377964496636018
174,61,1,1.0,"[0.4434339910215426,0.5565660089784574]",0.5565660089784574
81,92,0,0.0,"[0.8751575167753712,0.12484248322462876]",0.12484248322462876
183,193,1,1.0,"[0.35609687051477085,0.6439031294852291]",0.6439031294852291
143,93,0,1.0,"[0.3322248571622665,0.6677751428377334]",0.6677751428377334
121,88,0,1.0,"[0.33224295903070666,0.6677570409692933]",0.6677570409692933
140,199,1,1.0,"[0.4491494593295484,0.5508505406704516]",0.5508505406704516
122,172,0,1.0,"[0.34435847046905915,0.6556415295309408]",0.6556415295309408
110,63,0,0.0,"[0.7265464891774471,0.27345351082255287]",0.27345351082255287
112,77,0,1.0,"[0.4015213448267173,0.5984786551732827]",0.5984786551732827
140,190,1,1.0,"[0.26307726237734363,0.7369227376226564]",0.7369227376226564
105,79,0,1.0,"[0.35234486256171976,0.6476551374382802]",0.6476551374382802
124,61,1,1.0,"[0.2370871932312899,0.7629128067687101]",0.7629128067687101
162,94,1,1.0,"[0.23581384737995387,0.7641861526200462]",0.7641861526200462
134,92,0,1.0,"[0.3829708936030922,0.6170291063969078]",0.6170291063969078
112,163,0,0.0,"[0.6618426588932221,0.33815734110677786]",0.33815734110677786
182,76,0,0.0,"[0.6350052037651532,0.36499479623484676]",0.36499479623484676
140,155,1,0.0,"[0.5330470405826434,0.4669529594173566]",0.4669529594173566
184,69,0,0.0,"[0.5841578587936977,0.41584214120630225]",0.41584214120630225
119,140,0,0.0,"[0.871170970409174,0.12882902959082598]",0.12882902959082598
155,94,1,0.0,"[0.5061539276140883,0.4938460723859117]",0.4938460723859117
112,94,1,1.0,"[0.3306981275106917,0.6693018724893083]",0.6693018724893083
118,76,0,0.0,"[0.6073210552060739,0.39267894479392607]",0.39267894479392607
167,187,0,0.0,"[0.6263134526713643,0.3736865473286357]",0.3736865473286357
132,168,0,0.0,"[0.6906814982468334,0.30931850175316655]",0.30931850175316655
187,200,1,1.0,"[0.16674620616425234,0.8332537938357476]",0.8332537938357476
128,155,0,0.0,"[0.7223553695996241,0.2776446304003759]",0.2776446304003759
140,185,1,1.0,"[0.3332446415547496,0.6667553584452504]",0.6667553584452504
106,188,0,1.0,"[0.2024261959884945,0.7975738040115055]",0.7975738040115055
187,68,0,0.0,"[0.601104300488523,0.39889569951147696]",0.39889569951147696
130,132,0,0.0,"[0.899067488738793,0.10093251126120695]",0.10093251126120695
134,94,1,1.0,"[0.2035805098012025,0.7964194901987975]",0.7964194901987975
113,98,0,0.0,"[0.8251405045854944,0.17485949541450563]",0.17485949541450563
116,96,0,1.0,"[0.27561578641714224,0.7243842135828578]",0.7243842135828578
114,158,0,0.0,"[0.5113603890612721,0.4886396109387279]",0.4886396109387279
169,172,0,0.0,"[0.6246612846118481,0.3753387153881519]",0.3753387153881519
199,94,1,1.0,"[0.45333227578960233,0.5466677242103977]",0.5466677242103977
170,194,0,0.0,"[0.7171942495546202,0.2828057504453798]",0.2828057504453798
191,61,1,0.0,"[0.5605766407305101,0.43942335926948994]",0.43942335926948994
61,73,1,1.0,"[0.47605481691479096,0.5239451830852091]",0.5239451830852091
177,197,0,0.0,"[0.7280424434847026,0.2719575565152974]",0.2719575565152974
163,69,0,0.0,"[0.6560738015648889,0.3439261984351111]",0.3439261984351111
72,86,0,0.0,"[0.810483705235594,0.189516294764406]",0.189516294764406
140,158,1,1.0,"[0.3896396771260653,0.6103603228739347]",0.6103603228739347
126,65,0,1.0,"[0.4151125152096879,0.584887484790312]",0.584887484790312
160,180,0,0.0,"[0.6311572093090001,0.3688427906909999]",0.3688427906909999
160,61,1,1.0,"[0.18982318898246314,0.8101768110175369]",0.8101768110175369
155,61,1,0.0,"[0.5137982106519627,0.48620178934803726]",0.48620178934803726
181,61,1,1.0,"[0.44925039827337826,0.5507496017266218]",0.5507496017266218
104,94,1,1.0,"[0.24877472932329667,0.7512252706767033]",0.7512252706767033
115,94,1,1.0,"[0.19605455660326387,0.8039454433967361]",0.8039454433967361
123,190,0,1.0,"[0.3802034213306074,0.6197965786693926]",0.6197965786693926
100,72,0,0.0,"[0.7881385551619159,0.2118614448380841]",0.2118614448380841
140,186,1,1.0,"[0.17953901906390188,0.8204609809360981]",0.8204609809360981
129,92,0,0.0,"[0.6785171210601215,0.3214828789398785]",0.3214828789398785
140,94,1,1.0,"[0.1462659679321325,0.8537340320678675]",0.8537340320678675
140,196,1,1.0,"[0.3469741332879796,0.6530258667120203]",0.6530258667120203
141,73,0,0.0,"[0.7554822850204956,0.24451771497950436]",0.24451771497950436
192,196,0,0.0,"[0.7971015137122635,0.20289848628773655]",0.20289848628773655
196,94,1,0.0,"[0.6323776033566021,0.3676223966433979]",0.3676223966433979
181,73,0,0.0,"[0.8001089253275001,0.1998910746724999]",0.1998910746724999
191,94,1,0.0,"[0.5530280154504275,0.44697198454957254]",0.44697198454957254
170,94,1,0.0,"[0.5413649390116794,0.45863506098832063]",0.45863506098832063
185,61,1,0.0,"[0.6661237722588735,0.33387622774112646]",0.33387622774112646
105,67,0,1.0,"[0.43987507743932575,0.5601249225606743]",0.5601249225606743
182,84,0,1.0,"[0.27373683954872546,0.7262631604512746]",0.7262631604512746
167,64,0,0.0,"[0.6544806238561338,0.3455193761438662]",0.3455193761438662
161,169,1,1.0,"[0.31826013647129725,0.6817398635287027]",0.6817398635287027
107,117,0,0.0,"[0.768654851437019,0.23134514856298105]",0.23134514856298105
129,61,1,1.0,"[0.4726393699537759,0.5273606300462241]",0.5273606300462241
140,173,1,0.0,"[0.6779090732129568,0.3220909267870432]",0.3220909267870432
174,85,0,0.0,"[0.6453566903315823,0.3546433096684177]",0.3546433096684177
128,135,0,1.0,"[0.494324800226011,0.505675199773989]",0.505675199773989
166,86,0,1.0,"[0.29379897390605164,0.7062010260939484]",0.7062010260939484
123,94,1,1.0,"[0.22743658379586873,0.7725634162041313]",0.7725634162041313
61,83,1,0.0,"[0.6044817028575363,0.39551829714246367]",0.39551829714246367
109,61,1,1.0,"[0.2590271884429074,0.7409728115570926]",0.7409728115570926
187,194,1,1.0,"[0.2879630793550999,0.7120369206449001]",0.7120369206449001
158,94,1,1.0,"[0.4129036616870572,0.5870963383129428]",0.5870963383129428
103,124,0,0.0,"[0.925602105549501,0.07439789445049905]",0.07439789445049905
111,88,0,1.0,"[0.2774863437447631,0.7225136562552369]",0.7225136562552369
184,94,1,1.0,"[0.44750596169155143,0.5524940383084486]",0.5524940383084486
169,94,1,0.0,"[0.5355155437633659,0.46448445623663415]",0.46448445623663415
135,170,0,0.0,"[0.8023424550309168,0.19765754496908317]",0.19765754496908317
136,94,1,1.0,"[0.36266696209944793,0.6373330379005521]",0.6373330379005521
140,188,1,1.0,"[0.18408930896573958,0.8159106910342604]",0.8159106910342604
186,94,1,0.0,"[0.6645533461191762,0.33544665388082384]",0.33544665388082384
61,94,1,1.0,"[0.15224261436666767,0.8477573856333324]",0.8477573856333324
164,94,1,1.0,"[0.30021987157541474,0.6997801284245853]",0.6997801284245853
161,193,1,1.0,"[0.34537778755488524,0.6546222124451148]",0.6546222124451148
121,84,0,1.0,"[0.2928468824405204,0.7071531175594796]",0.7071531175594796
183,188,1,1.0,"[0.19493247080783632,0.8050675291921636]",0.8050675291921636
93,97,0,0.0,"[0.9670864010027425,0.03291359899725754]",0.03291359899725754
161,195,1,1.0,"[0.22248944306316248,0.7775105569368375]",0.7775105569368375
148,94,1,1.0,"[0.39589821751091453,0.6041017824890855]",0.6041017824890855
124,90,0,1.0,"[0.35720694254018615,0.6427930574598139]",0.6427930574598139
140,167,1,0.0,"[0.548239723635488,0.451760276364512]",0.451760276364512
152,61,1,0.0,"[0.5020332169480868,0.4979667830519132]",0.4979667830519132
161,164,1,1.0,"[0.31166023163778256,0.6883397683622174]",0.6883397683622174
169,200,0,0.0,"[0.5506956092323735,0.4493043907676265]",0.4493043907676265
117,93,0,1.0,"[0.2918460092801543,0.7081539907198457]",0.7081539907198457
168,183,0,0.0,"[0.5858107244677377,0.41418927553226226]",0.41418927553226226
145,94,1,1.0,"[0.48262426447929485,0.5173757355207051]",0.5173757355207051
149,193,0,0.0,"[0.5517914703757318,0.44820852962426816]",0.44820852962426816
187,190,1,1.0,"[0.28173181745405473,0.7182681825459453]",0.7182681825459453
110,61,1,1.0,"[0.16904912893249033,0.8309508710675096]",0.8309508710675096
103,61,1,1.0,"[0.32705983744065176,0.6729401625593483]",0.6729401625593483
120,129,0,0.0,"[0.8816217545424798,0.11837824545752018]",0.11837824545752018
138,189,0,0.0,"[0.8042214404774243,0.19577855952257572]",0.19577855952257572
123,77,0,1.0,"[0.28558106874087386,0.7144189312591261]",0.7144189312591261
61,63,1,0.0,"[0.7074482583516091,0.29255174164839093]",0.29255174164839093
131,150,0,0.0,"[0.8859838815543072,0.11401611844569282]",0.11401611844569282
176,94,1,0.0,"[0.587619844594249,0.412380155405751]",0.412380155405751
131,169,0,0.0,"[0.5154987862538631,0.48450121374613686]",0.48450121374613686
112,61,1,1.0,"[0.3375035157869727,0.6624964842130273]",0.6624964842130273
175,94,1,0.0,"[0.5819047777290383,0.41809522227096174]",0.41809522227096174
161,170,1,0.0,"[0.5616073194461659,0.43839268055383407]",0.43839268055383407
155,164,0,0.0,"[0.7256979584833634,0.2743020415166366]",0.2743020415166366
141,161,0,0.0,"[0.7011456722830087,0.2988543277169913]",0.2988543277169913
187,189,1,1.0,"[0.464920271528511,0.535079728471489]",0.535079728471489
63,75,0,0.0,"[0.9172926498069064,0.08270735019309361]",0.08270735019309361
149,61,1,1.0,"[0.29676821911706647,0.7032317808829336]",0.7032317808829336
139,188,0,1.0,"[0.4399353885025055,0.5600646114974945]",0.5600646114974945
183,61,1,1.0,"[0.15936073616793994,0.8406392638320601]",0.8406392638320601
171,61,1,1.0,"[0.4318491145874987,0.5681508854125012]",0.5681508854125012
161,163,1,1.0,"[0.40996494792495825,0.5900350520750417]",0.5900350520750417
175,88,0,0.0,"[0.660850489482584,0.33914951051741604]",0.33914951051741604
74,95,0,0.0,"[0.8275643749874279,0.17243562501257215]",0.17243562501257215
159,182,0,0.0,"[0.7576572126519648,0.24234278734803516]",0.24234278734803516
179,94,1,0.0,"[0.5933113886236024,0.40668861137639756]",0.40668861137639756
161,181,1,0.0,"[0.5766088455011676,0.42339115449883236]",0.42339115449883236
120,131,0,0.0,"[0.8063819210799906,0.19361807892000937]",0.19361807892000937
68,97,0,0.0,"[0.9527459690127882,0.047254030987211815]",0.047254030987211815
178,73,0,0.0,"[0.6946793668102152,0.30532063318978475]",0.30532063318978475
140,148,1,0.0,"[0.5177928188132389,0.4822071811867611]",0.4822071811867611
190,61,1,0.0,"[0.6230253723530214,0.37697462764697864]",0.37697462764697864
143,94,1,1.0,"[0.20742332165414362,0.7925766783458563]",0.7925766783458563
150,69,0,1.0,"[0.4208781043072003,0.5791218956927997]",0.5791218956927997
149,184,0,1.0,"[0.45270254503467994,0.54729745496532]",0.54729745496532
178,91,0,0.0,"[0.7261224284995348,0.2738775715004652]",0.2738775715004652
109,72,0,0.0,"[0.8247853162692297,0.17521468373077032]",0.17521468373077032
153,94,1,1.0,"[0.40720989936801993,0.59279010063198]",0.59279010063198
166,94,1,1.0,"[0.18874088820247992,0.8112591117975201]",0.8112591117975201
118,61,1,1.0,"[0.2286782306159424,0.7713217693840576]",0.7713217693840576
140,183,1,1.0,"[0.43406433868180666,0.5659356613181934]",0.5659356613181934
61,95,1,1.0,"[0.26035174572248065,0.7396482542775193]",0.7396482542775193
91,92,0,0.0,"[0.8826701112762034,0.11732988872379657]",0.11732988872379657
161,184,1,1.0,"[0.2617122137699673,0.7382877862300328]",0.7382877862300328
140,153,1,0.0,"[0.7744511438222522,0.22554885617774778]",0.22554885617774778
61,75,1,1.0,"[0.48368975122231295,0.516310248777687]",0.516310248777687
187,94,1,1.0,"[0.1584181592470442,0.8415818407529558]",0.8415818407529558
161,174,1,1.0,"[0.17850243567099328,0.8214975643290068]",0.8214975643290068
115,171,0,1.0,"[0.4009108036491766,0.5990891963508234]",0.5990891963508234
105,94,1,1.0,"[0.19237124576903775,0.8076287542309623]",0.8076287542309623
130,61,1,1.0,"[0.3481081704942009,0.6518918295057992]",0.6518918295057992
156,94,1,0.0,"[0.5120361560996699,0.4879638439003301]",0.4879638439003301
138,174,0,0.0,"[0.5243618083800152,0.4756381916199848]",0.4756381916199848
124,164,0,1.0,"[0.43757280827566813,0.5624271917243319]",0.5624271917243319
69,82,0,0.0,"[0.9495774021450898,0.05042259785491021]",0.05042259785491021
107,158,0,1.0,"[0.44102718922926964,0.5589728107707304]",0.5589728107707304
193,94,1,0.0,"[0.6213674553245033,0.3786325446754967]",0.3786325446754967
142,155,0,0.0,"[0.8064201357804178,0.19357986421958218]",0.19357986421958218
135,84,0,1.0,"[0.39307737660396574,0.6069226233960343]",0.6069226233960343
61,85,1,1.0,"[0.2972136449078176,0.7027863550921825]",0.7027863550921825
164,69,0,1.0,"[0.42662543768344413,0.5733745623165558]",0.5733745623165558
140,166,1,1.0,"[0.41167208482516604,0.588327915174834]",0.588327915174834
159,61,1,1.0,"[0.426083703921425,0.573916296078575]",0.573916296078575
188,61,1,0.0,"[0.6119070246149944,0.38809297538500565]",0.38809297538500565
140,169,1,1.0,"[0.3131752903693833,0.6868247096306167]",0.6868247096306167
105,122,0,0.0,"[0.7939670854158736,0.20603291458412643]",0.20603291458412643
183,197,1,1.0,"[0.2894113750125957,0.7105886249874043]",0.7105886249874043
162,86,0,1.0,"[0.35558915364030247,0.6444108463596976]",0.6444108463596976
140,193,1,1.0,"[0.34007580724938175,0.6599241927506183]",0.6599241927506183
165,94,1,1.0,"[0.3051878360636329,0.6948121639363671]",0.6948121639363671
172,182,0,0.0,"[0.7661954536114046,0.23380454638859538]",0.23380454638859538
192,67,0,0.0,"[0.8068165505383481,0.1931834494616519]",0.1931834494616519
92,94,0,0.0,"[0.7603121624801049,0.2396878375198951]",0.2396878375198951
185,94,1,0.0,"[0.6592862755861011,0.3407137244138989]",0.3407137244138989
165,194,0,1.0,"[0.48551244696304485,0.5144875530369551]",0.5144875530369551
110,99,0,1.0,"[0.1916333585331947,0.8083666414668054]",0.8083666414668054
161,200,1,1.0,"[0.15716483337162168,0.8428351666283783]",0.8428351666283783
119,172,0,1.0,"[0.22991019203952068,0.7700898079604793]",0.7700898079604793
127,61,1,1.0,"[0.28224637011553,0.71775362988447]",0.71775362988447
140,151,1,0.0,"[0.5254258614094438,0.4745741385905562]",0.4745741385905562
106,89,0,0.0,"[0.62840380156308,0.37159619843692004]",0.37159619843692004
184,61,1,1.0,"[0.4550807168042257,0.5449192831957743]",0.5449192831957743
107,185,0,1.0,"[0.38184757538523884,0.6181524246147612]",0.6181524246147612
195,61,1,0.0,"[0.6765100149370842,0.3234899850629158]",0.3234899850629158
79,84,0,0.0,"[0.7449716568945153,0.2550283431054847]",0.2550283431054847
115,187,0,1.0,"[0.2663013826341789,0.7336986173658211]",0.7336986173658211
122,145,0,0.0,"[0.8727639523990706,0.12723604760092944]",0.12723604760092944
180,68,0,0.0,"[0.922822017415642,0.07717798258435804]",0.07717798258435804
61,78,1,0.0,"[0.7199478133156789,0.2800521866843211]",0.2800521866843211
180,61,1,0.0,"[0.6063030370798959,0.39369696292010414]",0.39369696292010414
65,93,0,0.0,"[0.7741496092441355,0.22585039075586455]",0.22585039075586455
162,92,0,1.0,"[0.4283316058669195,0.5716683941330805]",0.5716683941330805
168,171,0,1.0,"[0.46436929316030495,0.535630706839695]",0.535630706839695
61,91,1,0.0,"[0.5142699923742438,0.48573000762575624]",0.48573000762575624
137,195,0,1.0,"[0.4872947577078935,0.5127052422921066]",0.5127052422921066
147,148,0,0.0,"[0.8568537502531941,0.1431462497468059]",0.1431462497468059
182,187,0,1.0,"[0.3249696252107288,0.6750303747892712]",0.6750303747892712
173,94,1,0.0,"[0.5761676344199136,0.4238323655800864]",0.4238323655800864
158,61,1,1.0,"[0.42033831842169556,0.5796616815783044]",0.5796616815783044
134,90,0,1.0,"[0.32032767208628793,0.679672327913712]",0.679672327913712
182,94,1,1.0,"[0.24440205950267974,0.7555979404973203]",0.7555979404973203
114,119,0,0.0,"[0.7298253145022364,0.2701746854977636]",0.2701746854977636
161,197,1,1.0,"[0.27982728245850635,0.7201727175414936]",0.7201727175414936
140,147,1,0.0,"[0.6436472575675902,0.3563527424324098]",0.3563527424324098
61,84,1,1.0,"[0.17304915543518645,0.8269508445648135]",0.8269508445648135
140,141,1,0.0,"[0.6366005747016116,0.3633994252983884]",0.3633994252983884
70,93,0,0.0,"[0.7782382890155782,0.22176171098442177]",0.22176171098442177
128,173,0,0.0,"[0.8274945027321596,0.17250549726784037]",0.17250549726784037
119,191,0,1.0,"[0.24092067296555147,0.7590793270344485]",0.7590793270344485
122,186,0,1.0,"[0.3172820618173936,0.6827179381826064]",0.6827179381826064
100,61,1,1.0,"[0.21646266311229778,0.7835373368877022]",0.7835373368877022
118,191,0,1.0,"[0.3061626788882184,0.6938373211117816]",0.6938373211117816
121,164,0,1.0,"[0.4784484210975547,0.5215515789024453]",0.5215515789024453
71,85,0,0.0,"[0.846177318199718,0.15382268180028202]",0.15382268180028202
61,80,1,0.0,"[0.72607374669164,0.27392625330835996]",0.27392625330835996
125,197,0,1.0,"[0.4521133878298303,0.5478866121701698]",0.5478866121701698
164,85,0,0.0,"[0.5025665544023894,0.4974334455976106]",0.4974334455976106
200,71,0,0.0,"[0.8231315548056429,0.17686844519435707]",0.17686844519435707
75,87,0,0.0,"[0.9389608050766702,0.061039194923329765]",0.061039194923329765
199,73,0,0.0,"[0.807531448894403,0.19246855110559702]",0.19246855110559702
182,67,0,0.0,"[0.5160723594131654,0.4839276405868346]",0.4839276405868346
107,142,0,0.0,"[0.7896954956821243,0.21030450431787573]",0.21030450431787573
117,141,0,0.0,"[0.6891202450961114,0.31087975490388864]",0.31087975490388864
166,198,0,1.0,"[0.20819289773077151,0.7918071022692285]",0.7918071022692285
128,94,1,1.0,"[0.28081976022674876,0.7191802397732512]",0.7191802397732512
61,76,1,1.0,"[0.4913323073182706,0.5086676926817294]",0.5086676926817294
100,170,0,0.0,"[0.6618061355833587,0.33819386441664134]",0.33819386441664134
187,191,1,1.0,"[0.2241251795470197,0.7758748204529803]",0.7758748204529803
101,174,0,1.0,"[0.20015836329554618,0.7998416367044539]",0.7998416367044539
116,62,0,0.0,"[0.6300872882390133,0.3699127117609867]",0.3699127117609867
200,91,0,0.0,"[0.8867271922999149,0.11327280770008508]",0.11327280770008508
61,67,1,1.0,"[0.3718910398474957,0.6281089601525043]",0.6281089601525043
102,148,0,0.0,"[0.742643576340521,0.257356423659479]",0.257356423659479
140,187,1,1.0,"[0.20318198476665278,0.7968180152333473]",0.7968180152333473
148,61,1,1.0,"[0.4032369835371003,0.5967630164628996]",0.5967630164628996
161,166,1,1.0,"[0.4173843088408284,0.5826156911591716]",0.5826156911591716
197,94,1,0.0,"[0.674964603910439,0.325035396089561]",0.325035396089561
151,77,0,1.0,"[0.4767294467390408,0.5232705532609592]",0.5232705532609592
105,188,0,1.0,"[0.23878245885782193,0.7612175411421781]",0.7612175411421781
101,147,0,0.0,"[0.6804821749901611,0.31951782500983894]",0.31951782500983894
133,90,0,0.0,"[0.5002291982444365,0.49977080175556354]",0.49977080175556354
140,195,1,1.0,"[0.21844443936068253,0.7815555606393174]",0.7815555606393174
178,188,0,1.0,"[0.3719482193881456,0.6280517806118544]",0.6280517806118544
157,166,0,0.0,"[0.8143952795683245,0.18560472043167553]",0.18560472043167553
63,77,0,0.0,"[0.7427215409554048,0.25727845904459523]",0.25727845904459523
183,191,1,1.0,"[0.2200588540474078,0.7799411459525922]",0.7799411459525922
162,61,1,1.0,"[0.24137079694976843,0.7586292030502315]",0.7586292030502315
164,61,1,1.0,"[0.3066854494145087,0.6933145505854913]",0.6933145505854913
147,94,1,1.0,"[0.48850353474142805,0.511496465258572]",0.511496465258572
140,61,1,1.0,"[0.15012727885922073,0.8498727211407793]",0.8498727211407793
183,198,1,1.0,"[0.1720421847849964,0.8279578152150036]",0.8279578152150036
123,153,0,0.0,"[0.8550744251798115,0.14492557482018853]",0.14492557482018853
142,94,1,1.0,"[0.38469684012306504,0.615303159876935]",0.615303159876935
117,61,1,1.0,"[0.1826891534974268,0.8173108465025732]",0.8173108465025732
169,61,1,0.0,"[0.543115586224778,0.45688441377522204]",0.45688441377522204
140,181,1,0.0,"[0.5708526250525544,0.4291473749474456]",0.4291473749474456
121,82,0,0.0,"[0.7457659822524694,0.2542340177475306]",0.2542340177475306
126,192,0,1.0,"[0.2599097393458552,0.7400902606541448]",0.7400902606541448
62,84,0,0.0,"[0.6723684620543061,0.3276315379456939]",0.3276315379456939
144,94,1,1.0,"[0.4767498009459704,0.5232501990540296]",0.5232501990540296
148,171,0,0.0,"[0.6426492667047012,0.35735073329529876]",0.35735073329529876
144,95,0,0.0,"[0.641046703161362,0.35895329683863797]",0.35895329683863797
133,61,1,1.0,"[0.3588655386264261,0.6411344613735739]",0.6411344613735739
171,62,0,0.0,"[0.7834311133235347,0.21656888667646534]",0.21656888667646534
171,192,0,0.0,"[0.5384111476930944,0.4615888523069056]",0.4615888523069056
77,99,0,0.0,"[0.6942613255238722,0.3057386744761278]",0.3057386744761278
147,93,0,0.0,"[0.6448308930316332,0.3551691069683668]",0.3551691069683668
126,132,0,0.0,"[0.7924200354965902,0.20757996450340976]",0.20757996450340976
109,180,0,0.0,"[0.7185565795995595,0.28144342040044046]",0.28144342040044046
174,200,0,1.0,"[0.4509960840818486,0.5490039159181515]",0.5490039159181515
146,62,0,0.0,"[0.7585145235789048,0.2414854764210952]",0.2414854764210952
140,189,1,1.0,"[0.44159342412826086,0.5584065758717391]",0.5584065758717391
151,61,1,1.0,"[0.4089135146427687,0.5910864853572313]",0.5910864853572313
134,61,1,1.0,"[0.20858520871665584,0.7914147912833441]",0.7914147912833441
71,81,0,0.0,"[0.9283386999692651,0.0716613000307349]",0.0716613000307349
143,77,0,1.0,"[0.26218776616496164,0.7378122338350384]",0.7378122338350384
79,90,0,0.0,"[0.8221262701826922,0.17787372981730776]",0.17787372981730776
70,90,0,0.0,"[0.7729140765797605,0.22708592342023948]",0.22708592342023948
140,198,1,1.0,"[0.1622157432922988,0.8377842567077012]",0.8377842567077012
200,61,1,0.0,"[0.5778890180878153,0.42211098191218466]",0.42211098191218466
126,151,0,0.0,"[0.589209379283685,0.410790620716315]",0.410790620716315
132,169,0,0.0,"[0.5852731854005007,0.41472681459949934]",0.41472681459949934
139,61,1,1.0,"[0.380802472290965,0.619197527709035]",0.619197527709035
199,62,0,0.0,"[0.8027322573136644,0.19726774268633562]",0.19726774268633562
183,194,1,1.0,"[0.2831612364436568,0.7168387635563431]",0.7168387635563431
157,94,1,0.0,"[0.5179150528747367,0.4820849471252633]",0.4820849471252633
140,170,1,0.0,"[0.5558042628939054,0.4441957371060946]",0.4441957371060946
116,119,0,0.0,"[0.7695140383930085,0.23048596160699153]",0.23048596160699153
141,83,0,0.0,"[0.8386336862549718,0.1613663137450282]",0.1613663137450282
140,149,1,0.0,"[0.856219150681933,0.143780849318067]",0.143780849318067
69,90,0,0.0,"[0.8079387914060335,0.19206120859396647]",0.19206120859396647
103,94,1,1.0,"[0.32036320181254957,0.6796367981874505]",0.6796367981874505
128,143,0,0.0,"[0.7035802695506745,0.29641973044932546]",0.29641973044932546
103,79,0,0.0,"[0.5184476963932582,0.48155230360674184]",0.48155230360674184
183,200,1,1.0,"[0.1635015344154312,0.8364984655845689]",0.8364984655845689
101,172,0,1.0,"[0.22576944990670317,0.7742305500932969]",0.7742305500932969
132,94,1,1.0,"[0.3465093758071479,0.6534906241928521]",0.6534906241928521
197,61,1,0.0,"[0.6816393985695858,0.3183606014304142]",0.3183606014304142
116,94,1,1.0,"[0.25767580658198314,0.7423241934180169]",0.7423241934180169
134,198,0,1.0,"[0.2241393683961525,0.7758606316038474]",0.7758606316038474
140,179,1,0.0,"[0.6911196747476885,0.30888032525231146]",0.30888032525231146
127,65,0,0.0,"[0.5494578683791308,0.4505421316208692]",0.4505421316208692
106,123,0,0.0,"[0.6564998247631859,0.3435001752368141]",0.3435001752368141
145,71,0,0.0,"[0.7657837924766997,0.2342162075233003]",0.2342162075233003
153,169,0,0.0,"[0.6464258802779587,0.35357411972204134]",0.35357411972204134
111,87,0,0.0,"[0.6106799124003297,0.3893200875996703]",0.3893200875996703
166,71,0,1.0,"[0.4491696467835397,0.5508303532164602]",0.5508303532164602
167,61,1,0.0,"[0.5372694341086931,0.4627305658913069]",0.4627305658913069
140,197,1,1.0,"[0.27510868850994685,0.7248913114900531]",0.7248913114900531
161,183,1,1.0,"[0.43985497414600655,0.5601450258539935]",0.5601450258539935
187,195,1,1.0,"[0.23494313694200966,0.7650568630579904]",0.7650568630579904
155,178,0,0.0,"[0.7435826955962219,0.2564173044037781]",0.2564173044037781
140,162,1,0.0,"[0.5406528279260872,0.45934717207391285]",0.45934717207391285
140,200,1,1.0,"[0.15407212929014136,0.8459278707098586]",0.8459278707098586
109,119,0,0.0,"[0.7653130139150577,0.23468698608494232]",0.23468698608494232
98,99,0,0.0,"[0.7997936344581084,0.20020636554189164]",0.20020636554189164
61,99,1,1.0,"[0.17747054253063535,0.8225294574693647]",0.8225294574693647
161,176,1,0.0,"[0.7939537377720655,0.20604626222793454]",0.20604626222793454
140,174,1,1.0,"[0.17507706811190976,0.8249229318880902]",0.8249229318880902
153,157,0,0.0,"[0.9341888377703902,0.06581116222960981]",0.06581116222960981
161,186,1,1.0,"[0.1830323148622805,0.8169676851377194]",0.8169676851377194
161,94,1,1.0,"[0.1492296204731493,0.8507703795268506]",0.8507703795268506
77,86,0,0.0,"[0.7716737783453281,0.22832622165467187]",0.22832622165467187
140,144,1,0.0,"[0.7580187843792664,0.2419812156207336]",0.2419812156207336
62,81,0,0.0,"[0.9071230077171316,0.09287699228286839]",0.09287699228286839
140,164,1,1.0,"[0.3066334043830128,0.6933665956169872]",0.6933665956169872
146,74,0,0.0,"[0.6981815622984388,0.30181843770156125]",0.30181843770156125
61,81,1,1.0,"[0.4989789169272913,0.5010210830727087]",0.5010210830727087
194,61,1,0.0,"[0.6340157059468061,0.3659842940531939]",0.3659842940531939
118,96,0,1.0,"[0.23964807268491342,0.7603519273150866]",0.7603519273150866
165,61,1,1.0,"[0.3117127463043309,0.6882872536956691]",0.6882872536956691
117,91,0,0.0,"[0.5610418107774965,0.4389581892225035]",0.4389581892225035
167,94,1,0.0,"[0.5296563614341427,0.47034363856585726]",0.47034363856585726
153,61,1,1.0,"[0.4146144367467081,0.5853855632532918]",0.5853855632532918
140,194,1,1.0,"[0.26905047940355514,0.7309495205964449]",0.7309495205964449
126,191,0,1.0,"[0.254068919322447,0.745931080677553]",0.745931080677553
131,200,0,1.0,"[0.2982422506563006,0.7017577493436994]",0.7017577493436994
105,196,0,1.0,"[0.4248611999073869,0.5751388000926131]",0.5751388000926131
151,94,1,1.0,"[0.40154095204029155,0.5984590479597085]",0.5984590479597085
130,190,0,0.0,"[0.5190414045790063,0.48095859542099373]",0.48095859542099373
109,94,1,1.0,"[0.2531994162393905,0.7468005837606095]",0.7468005837606095
182,192,0,1.0,"[0.3385312890841796,0.6614687109158204]",0.6614687109158204
161,175,1,0.0,"[0.7889044890663542,0.21109551093364576]",0.21109551093364576
113,143,0,0.0,"[0.7546025827154661,0.2453974172845339]",0.2453974172845339
120,162,0,0.0,"[0.6317106703818632,0.36828932961813676]",0.36828932961813676
120,94,1,1.0,"[0.19979094518955443,0.8002090548104456]",0.8002090548104456
118,69,0,1.0,"[0.33275266929071173,0.6672473307092883]",0.6672473307092883
158,183,0,0.0,"[0.7589498666873383,0.24105013331266167]",0.24105013331266167
140,157,1,0.0,"[0.7797495878420171,0.2202504121579829]",0.2202504121579829
122,61,1,1.0,"[0.2728084581564752,0.7271915418435249]",0.7271915418435249
136,74,0,0.0,"[0.6728202916865621,0.3271797083134379]",0.3271797083134379
186,61,1,0.0,"[0.6713378353165215,0.32866216468347853]",0.32866216468347853
140,178,1,1.0,"[0.32648280875782865,0.6735171912421714]",0.6735171912421714
196,61,1,0.0,"[0.6394597966309312,0.3605402033690688]",0.3605402033690688
142,85,0,0.0,"[0.5955260711292307,0.4044739288707693]",0.4044739288707693
125,184,0,1.0,"[0.42949665818450666,0.5705033418154933]",0.5705033418154933
161,168,1,1.0,"[0.4248412623402667,0.5751587376597334]",0.5751587376597334
182,61,1,1.0,"[0.250095156909995,0.749904843090005]",0.749904843090005
132,61,1,1.0,"[0.35346830480515035,0.6465316951948497]",0.6465316951948497
164,183,0,0.0,"[0.6576083631812863,0.34239163681871365]",0.34239163681871365
189,75,0,0.0,"[0.8909165351804984,0.1090834648195016]",0.1090834648195016
198,93,0,0.0,"[0.7114372647653199,0.2885627352346801]",0.2885627352346801
108,61,1,1.0,"[0.33226106139470557,0.6677389386052944]",0.6677389386052944
161,167,1,0.0,"[0.55406231497211,0.44593768502789]",0.44593768502789
114,61,1,1.0,"[0.2245532065665089,0.7754467934334911]",0.7754467934334911
135,195,0,1.0,"[0.47554306824540865,0.5244569317545913]",0.5244569317545913
106,114,0,0.0,"[0.8227136656655935,0.17728633433440655]",0.17728633433440655
160,171,0,1.0,"[0.38407616100813086,0.6159238389918691]",0.6159238389918691
151,174,0,1.0,"[0.4539014803674655,0.5460985196325345]",0.5460985196325345
101,187,0,1.0,"[0.2311613024183974,0.7688386975816026]",0.7688386975816026
110,80,0,0.0,"[0.7443953878351629,0.2556046121648371]",0.2556046121648371
183,196,1,1.0,"[0.36314134831605005,0.63685865168395]",0.63685865168395
198,61,1,0.0,"[0.5721372874552101,0.4278627125447899]",0.4278627125447899
94,98,1,0.0,"[0.8878916925525131,0.1121083074474869]",0.1121083074474869
163,94,1,0.0,"[0.5237889941048871,0.4762110058951129]",0.4762110058951129
171,94,1,1.0,"[0.4243599110730402,0.5756400889269597]",0.5756400889269597
118,156,0,0.0,"[0.7631853185779153,0.23681468142208473]",0.23681468142208473
129,94,1,1.0,"[0.4650217627037245,0.5349782372962755]",0.5349782372962755
187,197,1,1.0,"[0.2942756968921061,0.7057243031078939]",0.7057243031078939
198,94,1,0.0,"[0.5646330199445686,0.4353669800554314]",0.4353669800554314
61,96,1,1.0,"[0.16446844620749515,0.8355315537925049]",0.8355315537925049
152,164,0,0.0,"[0.716228539013408,0.283771460986592]",0.283771460986592
161,185,1,1.0,"[0.33849474797220763,0.6615052520277924]",0.6615052520277924
172,61,1,1.0,"[0.43763305030754024,0.5623669496924597]",0.5623669496924597
61,98,1,0.0,"[0.6261988664524135,0.3738011335475865]",0.3738011335475865
61,89,1,0.0,"[0.6117713801442858,0.3882286198557142]",0.3882286198557142
160,174,0,1.0,"[0.21966493832105724,0.7803350616789427]",0.7803350616789427
148,174,0,1.0,"[0.44807384688256763,0.5519261531174324]",0.5519261531174324
110,94,1,1.0,"[0.16479551251331553,0.8352044874866844]",0.8352044874866844
126,61,1,1.0,"[0.18622982931572812,0.8137701706842719]",0.8137701706842719
111,94,1,1.0,"[0.21526883165510505,0.784731168344895]",0.784731168344895
61,88,1,1.0,"[0.20090781767877264,0.7990921823212274]",0.7990921823212274
140,175,1,0.0,"[0.784958125234936,0.21504187476506398]",0.21504187476506398
61,69,1,1.0,"[0.23748806668397576,0.7625119333160242]",0.7625119333160242
140,184,1,1.0,"[0.25718999683650434,0.7428100031634957]",0.7428100031634957
146,94,1,1.0,"[0.3902830662405237,0.6097169337594763]",0.6097169337594763
188,198,0,0.0,"[0.6334636989559713,0.3665363010440287]",0.3665363010440287
140,192,1,1.0,"[0.2132669291064439,0.786733070893556]",0.786733070893556
166,67,0,1.0,"[0.43408438241399117,0.5659156175860088]",0.5659156175860088
106,98,0,0.0,"[0.6425743111213842,0.3574256888786158]",0.3574256888786158
149,94,1,1.0,"[0.29042413705712905,0.709575862942871]",0.709575862942871
156,166,0,0.0,"[0.8108111774151954,0.18918882258480463]",0.18918882258480463
192,61,1,0.0,"[0.5663659928568919,0.43363400714310807]",0.43363400714310807
61,71,1,1.0,"[0.3862902813727034,0.6137097186272966]",0.6137097186272966
161,86,0,1.0,"[0.23876762831531967,0.7612323716846803]",0.7612323716846803
161,189,1,1.0,"[0.44740509629365594,0.552594903706344]",0.552594903706344
170,61,1,0.0,"[0.5489498854443602,0.4510501145556398]",0.4510501145556398
72,92,0,0.0,"[0.8530913026558447,0.14690869734415535]",0.14690869734415535
140,160,1,0.0,"[0.6644078186346555,0.3355921813653445]",0.3355921813653445
177,61,1,0.0,"[0.5547707569867182,0.4452292430132818]",0.4452292430132818
161,64,0,1.0,"[0.22782601257870833,0.7721739874212916]",0.7721739874212916
143,61,1,1.0,"[0.2124972839990659,0.7875027160009341]",0.7875027160009341
192,94,1,0.0,"[0.55883855310441,0.44116144689559]",0.44116144689559
138,94,1,1.0,"[0.4708817630745198,0.5291182369254802]",0.5291182369254802
61,62,1,1.0,"[0.46843105843698124,0.5315689415630187]",0.5315689415630187
187,188,1,1.0,"[0.19865275887022166,0.8013472411297784]",0.8013472411297784
161,199,1,1.0,"[0.4549795500685897,0.5450204499314103]",0.5450204499314103
132,67,0,0.0,"[0.6361257773964666,0.3638742226035334]",0.3638742226035334
136,160,0,0.0,"[0.8679994653311512,0.13200053466884876]",0.13200053466884876
134,186,0,1.0,"[0.24613275478131463,0.7538672452186854]",0.7538672452186854
117,172,0,1.0,"[0.2383504574379453,0.7616495425620546]",0.7616495425620546
120,151,0,0.0,"[0.6173659298924686,0.38263407010753137]",0.38263407010753137
160,163,0,1.0,"[0.4737233379240267,0.5262766620759733]",0.5262766620759733
61,87,1,0.0,"[0.5066260041951738,0.4933739958048262]",0.4933739958048262
133,63,0,0.0,"[0.8796649023139166,0.12033509768608341]",0.12033509768608341
160,191,0,1.0,"[0.25855535974995636,0.7414446402500436]",0.7414446402500436
190,200,0,0.0,"[0.6301823710496689,0.3698176289503311]",0.3698176289503311
179,99,0,0.0,"[0.6367326952888512,0.36326730471114876]",0.36326730471114876
173,95,0,0.0,"[0.727115871135752,0.27288412886424795]",0.27288412886424795
178,94,1,1.0,"[0.31020156739678184,0.6897984326032182]",0.6897984326032182
106,178,0,1.0,"[0.3528691154299969,0.6471308845700031]",0.6471308845700031
124,200,0,1.0,"[0.2426646207572711,0.7573353792427289]",0.7573353792427289
189,94,1,0.0,"[0.610230800537788,0.389769199462212]",0.389769199462212
140,86,0,1.0,"[0.23451594162577521,0.7654840583742248]",0.7654840583742248
184,88,0,0.0,"[0.531392698969107,0.468607301030893]",0.468607301030893
125,181,0,0.0,"[0.7430822638406981,0.2569177361593019]",0.2569177361593019
61,79,1,1.0,"[0.2908639792643303,0.7091360207356697]",0.7091360207356697
152,94,1,1.0,"[0.4943859874847925,0.5056140125152075]",0.5056140125152075
115,181,0,0.0,"[0.6543883621126706,0.3456116378873294]",0.3456116378873294
119,96,0,1.0,"[0.18480478864119373,0.8151952113588062]",0.8151952113588062
120,127,0,0.0,"[0.8783917899496649,0.12160821005033506]",0.12160821005033506
89,96,0,0.0,"[0.7377542330314799,0.2622457669685201]",0.2622457669685201
161,191,1,1.0,"[0.2120859520027345,0.7879140479972655]",0.7879140479972655
61,97,1,0.0,"[0.6190113832222158,0.3809886167777842]",0.3809886167777842
173,61,1,0.0,"[0.583619699310698,0.416380300689302]",0.416380300689302
127,94,1,1.0,"[0.2760908465153204,0.7239091534846795]",0.7239091534846795
94,99,1,0.0,"[0.5049649874871756,0.49503501251282445]",0.49503501251282445
111,90,0,1.0,"[0.3358919250396243,0.6641080749603757]",0.6641080749603757
187,199,1,1.0,"[0.4725376847327821,0.5274623152672179]",0.5274623152672179
130,135,0,0.0,"[0.5645728464865438,0.4354271535134562]",0.4354271535134562
176,198,0,0.0,"[0.6169196926012702,0.3830803073987298]",0.3830803073987298
183,192,1,1.0,"[0.22535402166836208,0.774645978331638]",0.774645978331638
117,96,0,1.0,"[0.19200203190993567,0.8079979680900643]",0.8079979680900643
142,64,0,0.0,"[0.5125895673782582,0.4874104326217418]",0.4874104326217418
120,61,1,1.0,"[0.20472643142457078,0.7952735685754292]",0.7952735685754292
166,61,1,1.0,"[0.19346939958566486,0.8065306004143351]",0.8065306004143351
123,125,0,0.0,"[0.8890296208247352,0.11097037917526476]",0.11097037917526476
125,61,1,1.0,"[0.27750270251476145,0.7224972974852386]",0.7224972974852386
140,146,1,0.0,"[0.852412103604376,0.14758789639562397]",0.14758789639562397
136,61,1,1.0,"[0.3697667746783866,0.6302332253216134]",0.6302332253216134
117,94,1,1.0,"[0.17816591507655785,0.8218340849234421]",0.8218340849234421
140,152,1,0.0,"[0.8599441298495696,0.14005587015043042]",0.14005587015043042
140,191,1,1.0,"[0.20817944749028874,0.7918205525097113]",0.7918205525097113
187,193,1,1.0,"[0.3615117982924355,0.6384882017075645]",0.6384882017075645
123,158,0,0.0,"[0.5231143444004407,0.4768856555995593]",0.4768856555995593
150,94,1,1.0,"[0.29529840720691375,0.7047015927930862]",0.7047015927930862
133,94,1,1.0,"[0.3518581796310399,0.6481418203689602]",0.6481418203689602
144,61,1,1.0,"[0.4843855768216119,0.5156144231783881]",0.5156144231783881
164,185,0,0.0,"[0.5558646948520822,0.44413530514791777]",0.44413530514791777
187,71,0,1.0,"[0.39750808158240786,0.6024919184175921]",0.6024919184175921
140,177,1,0.0,"[0.6845516607568605,0.31544833924313953]",0.31544833924313953
161,180,1,0.0,"[0.5691239415622138,0.4308760584377862]",0.4308760584377862
104,135,0,1.0,"[0.4532716145260271,0.5467283854739728]",0.5467283854739728
138,61,1,1.0,"[0.4785095027842128,0.5214904972157872]",0.5214904972157872
188,94,1,0.0,"[0.6046182482148609,0.3953817517851391]",0.3953817517851391
165,80,0,0.0,"[0.8663654135157669,0.1336345864842331]",0.1336345864842331
113,136,0,0.0,"[0.9396063624118055,0.06039363758819449]",0.06039363758819449
68,69,0,0.0,"[0.7944491283016345,0.2055508716983655]",0.2055508716983655
104,123,0,0.0,"[0.7665774129187014,0.2334225870812986]",0.2334225870812986
137,94,1,1.0,"[0.36812467923072434,0.6318753207692757]",0.6318753207692757
119,94,1,1.0,"[0.17137731571937054,0.8286226842806295]",0.8286226842806295
65,71,0,0.0,"[0.863384590193362,0.136615409806638]",0.136615409806638
106,113,0,0.0,"[0.8182078182556587,0.1817921817443413]",0.1817921817443413
127,168,0,0.0,"[0.616280325320936,0.383719674679064]",0.383719674679064
102,94,1,1.0,"[0.31526029314596843,0.6847397068540315]",0.6847397068540315
70,74,0,0.0,"[0.8696442949117474,0.13035570508825256]",0.13035570508825256
194,70,0,0.0,"[0.8510030221809025,0.1489969778190975]",0.1489969778190975
160,85,0,1.0,"[0.34859245619795803,0.6514075438020419]",0.6514075438020419
163,61,1,0.0,"[0.5314130168592676,0.46858698314073244]",0.46858698314073244
104,81,0,0.0,"[0.6474563599193511,0.35254364008064887]",0.35254364008064887
122,163,0,0.0,"[0.5903798560061768,0.4096201439938232]",0.4096201439938232
183,190,1,1.0,"[0.27699346044186185,0.7230065395581382]",0.7230065395581382
153,87,0,0.0,"[0.7970751201154018,0.20292487988459817]",0.20292487988459817
101,162,0,0.0,"[0.5812069182279496,0.41879308177205044]",0.41879308177205044
183,185,1,1.0,"[0.34911413545521985,0.6508858645447801]",0.6508858645447801
198,91,0,0.0,"[0.8843414842352705,0.11565851576472952]",0.11565851576472952
183,184,1,1.0,"[0.2709092578481276,0.7290907421518724]",0.7290907421518724
120,135,0,1.0,"[0.3846389010094788,0.6153610989905212]",0.6153610989905212
111,61,1,1.0,"[0.2204813221291828,0.7795186778708172]",0.7795186778708172
104,70,0,0.0,"[0.5295750542828428,0.4704249457171572]",0.4704249457171572
145,192,0,0.0,"[0.5961184278865859,0.40388157211341413]",0.40388157211341413
180,94,1,0.0,"[0.5989779882804515,0.40102201171954854]",0.40102201171954854
140,163,1,1.0,"[0.4042838040115489,0.5957161959884512]",0.5957161959884512
110,64,0,1.0,"[0.24918890968015803,0.750811090319842]",0.750811090319842
106,61,1,1.0,"[0.165768560151665,0.834231439848335]",0.834231439848335
137,143,0,0.0,"[0.7798056341885291,0.2201943658114709]",0.2201943658114709
112,65,0,0.0,"[0.6123941679403497,0.38760583205965027]",0.38760583205965027
181,70,0,0.0,"[0.7289509213635974,0.2710490786364026]",0.2710490786364026
126,167,0,0.0,"[0.6112257856740347,0.38877421432596526]",0.38877421432596526
181,193,0,0.0,"[0.704110009177048,0.295889990822952]",0.295889990822952
140,145,1,0.0,"[0.7635854077913524,0.23641459220864758]",0.23641459220864758
113,61,1,1.0,"[0.34278622365081496,0.657213776349185]",0.657213776349185
187,192,1,1.0,"[0.22948940300986193,0.770510596990138]",0.770510596990138
177,198,0,0.0,"[0.5773087947115595,0.4226912052884405]",0.4226912052884405
74,96,0,0.0,"[0.7285453329590688,0.27145466704093124]",0.27145466704093124
141,94,1,1.0,"[0.37914085132676756,0.6208591486732324]",0.6208591486732324
102,161,0,0.0,"[0.6388360253501782,0.36116397464982175]",0.36116397464982175
157,61,1,0.0,"[0.5255479335150778,0.4744520664849222]",0.4744520664849222
168,94,1,1.0,"[0.24008168464198248,0.7599183153580176]",0.7599183153580176
123,61,1,1.0,"[0.2328562763965538,0.7671437236034462]",0.7671437236034462
166,200,0,1.0,"[0.19828741935245775,0.8017125806475423]",0.8017125806475423
178,186,0,1.0,"[0.3648307680978429,0.6351692319021571]",0.6351692319021571
133,78,0,0.0,"[0.8859921235708553,0.11400787642914467]",0.11400787642914467
140,154,1,0.0,"[0.6506322877028718,0.34936771229712815]",0.34936771229712815
145,61,1,1.0,"[0.49026597135299665,0.5097340286470033]",0.5097340286470033
121,61,1,1.0,"[0.26816414848921655,0.7318358515107835]",0.7318358515107835
172,186,0,1.0,"[0.4908399118217234,0.5091600881782766]",0.5091600881782766
67,79,0,0.0,"[0.8325387218339292,0.16746127816607081]",0.16746127816607081
166,194,0,1.0,"[0.3332627712575713,0.6667372287424287]",0.6667372287424287
89,95,0,0.0,"[0.8341786892249056,0.16582131077509443]",0.16582131077509443
106,94,1,1.0,"[0.16158143813115344,0.8384185618688466]",0.8384185618688466
147,61,1,1.0,"[0.49614906088681104,0.5038509391131889]",0.5038509391131889
116,99,0,1.0,"[0.2943095882626836,0.7056904117373164]",0.7056904117373164
131,94,1,1.0,"[0.28559771608870005,0.7144022839113]",0.7144022839113
107,172,0,1.0,"[0.2341039147252381,0.7658960852747619]",0.7658960852747619
183,186,1,1.0,"[0.19017663273845953,0.8098233672615405]",0.8098233672615405
146,61,1,1.0,"[0.3975862491846716,0.6024137508153284]",0.6024137508153284
104,61,1,1.0,"[0.25453537148606015,0.7454646285139399]",0.7454646285139399
143,84,0,1.0,"[0.2336923907276128,0.7663076092723872]",0.7663076092723872
115,165,0,0.0,"[0.7439581699210758,0.2560418300789242]",0.2560418300789242
119,61,1,1.0,"[0.1757650664615383,0.8242349335384617]",0.8242349335384617
119,174,0,1.0,"[0.2039531207278263,0.7960468792721738]",0.7960468792721738
100,83,0,0.0,"[0.6951489630740024,0.3048510369259976]",0.3048510369259976
114,123,0,0.0,"[0.735814469403486,0.26418553059651395]",0.26418553059651395
156,75,0,0.0,"[0.8455358938929134,0.1544641061070866]",0.1544641061070866
187,198,1,1.0,"[0.1754208017517323,0.8245791982482678]",0.8245791982482678
183,187,1,1.0,"[0.21485359846074695,0.7851464015392531]",0.7851464015392531
117,168,0,1.0,"[0.47724131034705186,0.5227586896529481]",0.5227586896529481
131,178,0,0.0,"[0.5307598127816752,0.46924018721832483]",0.46924018721832483
177,94,1,0.0,"[0.5472029558568188,0.4527970441431812]",0.4527970441431812
117,88,0,1.0,"[0.2328417013381064,0.7671582986618937]",0.7671582986618937
108,64,0,1.0,"[0.4480536686178068,0.5519463313821932]",0.5519463313821932
101,126,0,0.0,"[0.8500337225695292,0.14996627743047075]",0.14996627743047075
124,161,0,0.0,"[0.5365969861274824,0.4634030138725176]",0.4634030138725176
183,195,1,1.0,"[0.23073890965656377,0.7692610903434363]",0.7692610903434363
101,103,0,0.0,"[0.7545572520931546,0.2454427479068454]",0.2454427479068454
157,195,0,0.0,"[0.6367138221821871,0.3632861778178129]",0.3632861778178129
142,61,1,1.0,"[0.39196269037133896,0.6080373096286611]",0.6080373096286611
127,70,0,0.0,"[0.5645527882443949,0.4354472117556051]",0.4354472117556051
149,160,0,0.0,"[0.8254716164304964,0.17452838356950362]",0.17452838356950362
61,65,1,1.0,"[0.36477404722827605,0.6352259527717239]",0.6352259527717239
160,88,0,1.0,"[0.24135585661932432,0.7586441433806757]",0.7586441433806757
174,65,0,0.0,"[0.7118917762077634,0.28810822379223655]",0.28810822379223655
130,94,1,1.0,"[0.34119907839158314,0.6588009216084169]",0.6588009216084169
61,82,1,0.0,"[0.5971452829583218,0.4028547170416782]",0.4028547170416782
61,77,1,1.0,"[0.19604169639994454,0.8039583036000555]",0.8039583036000555
161,194,1,1.0,"[0.273704398393544,0.726295601606456]",0.726295601606456
139,94,1,1.0,"[0.3736163811981641,0.6263836188018359]",0.6263836188018359
140,171,1,1.0,"[0.319792373346835,0.6802076266531649]",0.6802076266531649
67,99,0,0.0,"[0.7233899250245274,0.27661007497547263]",0.27661007497547263
116,61,1,1.0,"[0.2635702467752948,0.7364297532247053]",0.7364297532247053
154,94,1,0.0,"[0.5002699949395426,0.4997300050604574]",0.4997300050604574
140,180,1,0.0,"[0.5633430221194983,0.43665697788050173]",0.43665697788050173
154,61,1,0.0,"[0.507916809880626,0.49208319011937396]",0.49208319011937396
150,79,0,1.0,"[0.4890366144351442,0.5109633855648559]",0.5109633855648559
61,86,1,1.0,"[0.24307192003159367,0.7569280799684064]",0.7569280799684064
107,144,0,0.0,"[0.7947307470657073,0.20526925293429266]",0.20526925293429266
151,184,0,0.0,"[0.5755469177840488,0.42445308221595124]",0.42445308221595124
62,65,0,0.0,"[0.8492055727358073,0.15079442726419268]",0.15079442726419268
161,162,1,0.0,"[0.5464923158412377,0.4535076841587623]",0.4535076841587623
176,61,1,0.0,"[0.5950120855091948,0.4049879144908052]",0.4049879144908052
159,94,1,1.0,"[0.4186208151234812,0.5813791848765189]",0.5813791848765189
168,190,0,1.0,"[0.3969777226126046,0.6030222773873954]",0.6030222773873954
100,103,0,0.0,"[0.8030569648409426,0.19694303515905742]",0.19694303515905742
196,99,0,0.0,"[0.6739202534072487,0.3260797465927513]",0.3260797465927513
140,99,0,1.0,"[0.17070293534751976,0.8292970646524802]",0.8292970646524802
102,61,1,1.0,"[0.3219007829295327,0.6780992170704673]",0.6780992170704673
178,61,1,1.0,"[0.31678479853602715,0.6832152014639729]",0.6832152014639729
61,90,1,1.0,"[0.2487442332636333,0.7512557667363667]",0.7512557667363667
119,135,0,1.0,"[0.34114405827507627,0.6588559417249238]",0.6588559417249238
171,75,0,0.0,"[0.7936312423570184,0.20636875764298157]",0.20636875764298157
161,172,1,1.0,"[0.20204251168096715,0.7979574883190328]",0.7979574883190328
127,199,0,0.0,"[0.6447748304935568,0.35522516950644323]",0.35522516950644323
140,156,1,0.0,"[0.657553246435173,0.342446753564827]",0.342446753564827
165,78,0,0.0,"[0.8627839664649849,0.1372160335350151]",0.1372160335350151
161,192,1,1.0,"[0.21724270844382051,0.7827572915561795]",0.7827572915561795
154,186,0,0.0,"[0.5611422799102304,0.43885772008976964]",0.43885772008976964
109,131,0,0.0,"[0.8497511448433427,0.1502488551566573]",0.1502488551566573
193,61,1,0.0,"[0.6285371633272506,0.3714628366727494]",0.3714628366727494
199,61,1,1.0,"[0.46092337618450263,0.5390766238154974]",0.5390766238154974
126,94,1,1.0,"[0.1816384090104518,0.8183615909895482]",0.8183615909895482
161,188,1,1.0,"[0.18765089066506174,0.8123491093349382]",0.8123491093349382
125,88,0,1.0,"[0.3427678422106949,0.6572321577893051]",0.6572321577893051
149,166,0,0.0,"[0.6256993601489425,0.37430063985105755]",0.37430063985105755
108,147,0,0.0,"[0.8357385680506833,0.16426143194931675]",0.16426143194931675
162,93,0,1.0,"[0.3697287465429352,0.6302712534570648]",0.6302712534570648
94,95,1,0.0,"[0.6246421540617897,0.3753578459382103]",0.3753578459382103
150,61,1,1.0,"[0.30170369201457375,0.6982963079854263]",0.6982963079854263
140,182,1,1.0,"[0.42656556155548714,0.5734344384445129]",0.5734344384445129
106,135,0,1.0,"[0.32545570302682403,0.674544296973176]",0.674544296973176
88,96,0,0.0,"[0.7683624081539038,0.23163759184609622]",0.23163759184609622
172,83,0,0.0,"[0.8652887590842313,0.1347112409157687]",0.1347112409157687
172,94,1,1.0,"[0.43011947759229047,0.5698805224077095]",0.5698805224077095
189,61,1,0.0,"[0.6174815697830146,0.3825184302169854]",0.3825184302169854
140,168,1,1.0,"[0.41910039609954636,0.5808996039004537]",0.5808996039004537
184,74,0,0.0,"[0.7453612804509864,0.2546387195490136]",0.2546387195490136
124,85,0,1.0,"[0.4151323257467977,0.5848676742532023]",0.5848676742532023
199,87,0,0.0,"[0.8258374431907834,0.17416255680921655]",0.17416255680921655
61,93,1,1.0,"[0.2545044084976884,0.7454955915023116]",0.7454955915023116
122,94,1,1.0,"[0.26678226064118377,0.7332177393588162]",0.7332177393588162
137,177,0,0.0,"[0.8806596588764872,0.11934034112351277]",0.11934034112351277
179,61,1,0.0,"[0.6006709375709623,0.39932906242903765]",0.39932906242903765
110,141,0,0.0,"[0.6686004023989688,0.3313995976010312]",0.3313995976010312
87,96,0,0.0,"[0.7641468266518189,0.23585317334818112]",0.23585317334818112
111,198,0,1.0,"[0.23665730533495183,0.7633426946650481]",0.7633426946650481
168,198,0,1.0,"[0.2631089002405273,0.7368910997594726]",0.7368910997594726
139,174,0,1.0,"[0.424921014075315,0.575078985924685]",0.575078985924685
140,165,1,0.0,"[0.6711937948669914,0.3288062051330086]",0.3288062051330086
108,122,0,0.0,"[0.8864634698243787,0.11353653017562126]",0.11353653017562126
114,94,1,1.0,"[0.21927152948384065,0.7807284705161593]",0.7807284705161593
148,158,0,0.0,"[0.7094636222834574,0.2905363777165426]",0.2905363777165426
168,200,0,1.0,"[0.2514202473670819,0.7485797526329181]",0.7485797526329181
187,196,1,1.0,"[0.36860207558504565,0.6313979244149543]",0.6313979244149543
161,171,1,1.0,"[0.32493382885936894,0.675066171140631]",0.675066171140631
103,77,0,1.0,"[0.39026365026731347,0.6097363497326865]",0.6097363497326865
163,179,0,0.0,"[0.9349161260412733,0.06508387395872672]",0.06508387395872672
162,187,0,1.0,"[0.3147295412535173,0.6852704587464826]",0.6852704587464826
154,68,0,0.0,"[0.8890618154398179,0.11093818456018212]",0.11093818456018212
161,173,1,0.0,"[0.6830266669725785,0.3169733330274215]",0.3169733330274215
101,94,1,1.0,"[0.1680607039942948,0.8319392960057053]",0.8319392960057053
161,196,1,1.0,"[0.35232624333617096,0.6476737566638291]",0.6476737566638291
100,77,0,1.0,"[0.2667663004997882,0.7332336995002118]",0.7332336995002118
124,94,1,1.0,"[0.23159875574375005,0.76840124425625]",0.76840124425625
140,159,1,0.0,"[0.8635879796928901,0.13641202030710986]",0.13641202030710986
175,61,1,0.0,"[0.5893278681468199,0.4106721318531801]",0.4106721318531801
61,64,1,1.0,"[0.23199317114044912,0.7680068288595508]",0.7680068288595508
150,154,0,0.0,"[0.8199818689536277,0.18001813104637232]",0.18001813104637232
113,94,1,1.0,"[0.3359283278603253,0.6640716721396747]",0.6640716721396747
114,76,0,0.0,"[0.6016939517965347,0.39830604820346527]",0.39830604820346527
195,94,1,0.0,"[0.6697797762791902,0.33022022372080984]",0.33022022372080984
159,167,0,0.0,"[0.8360759653558343,0.16392403464416572]",0.16392403464416572
136,161,0,0.0,"[0.6861429788533254,0.3138570211466746]",0.3138570211466746
161,198,1,1.0,"[0.16543994519376481,0.8345600548062352]",0.8345600548062352
183,94,1,1.0,"[0.15530533665178395,0.8446946633482161]",0.8446946633482161
143,154,0,0.0,"[0.7399069881876857,0.26009301181231426]",0.26009301181231426
140,172,1,1.0,"[0.19827444880656184,0.8017255511934381]",0.8017255511934381
134,151,0,0.0,"[0.6229103849301374,0.3770896150698626]",0.3770896150698626
166,95,0,1.0,"[0.313192841096226,0.686807158903774]",0.686807158903774
78,96,0,0.0,"[0.7555576404302435,0.24444235956975646]",0.24444235956975646
110,182,0,1.0,"[0.461412957328954,0.538587042671046]",0.538587042671046
108,94,1,1.0,"[0.32550944297658924,0.6744905570234108]",0.6744905570234108
140,176,1,0.0,"[0.7900766502712846,0.2099233497287154]",0.2099233497287154
115,77,0,1.0,"[0.24875948098088693,0.751240519019113]",0.751240519019113
64,79,0,0.0,"[0.8571751688907004,0.14282483110929955]",0.14282483110929955
139,148,0,0.0,"[0.7889588363136162,0.21104116368638381]",0.21104116368638381
115,156,0,0.0,"[0.7321315417969764,0.26786845820302363]",0.26786845820302363
137,61,1,1.0,"[0.37526842491100737,0.6247315750889926]",0.6247315750889926
160,94,1,1.0,"[0.18516333406228905,0.814836665937711]",0.814836665937711
156,61,1,0.0,"[0.5196757926568564,0.4803242073431436]",0.4803242073431436
141,61,1,1.0,"[0.38636765767559017,0.6136323423244099]",0.6136323423244099
107,64,0,1.0,"[0.2626322718237463,0.7373677281762536]",0.7373677281762536
110,116,0,0.0,"[0.8304709950985126,0.16952900490148737]",0.16952900490148737
161,177,1,0.0,"[0.6896120361511859,0.31038796384881406]",0.31038796384881406
126,155,0,0.0,"[0.5965926877385656,0.40340731226143445]",0.40340731226143445
125,94,1,1.0,"[0.2714115133295,0.7285884866705]",0.7285884866705
65,86,0,0.0,"[0.7632737871476084,0.2367262128523916]",0.2367262128523916
191,200,0,0.0,"[0.5680973442127536,0.4319026557872464]",0.4319026557872464
94,97,1,0.0,"[0.8848104517885554,0.11518954821144456]",0.11518954821144456
105,169,0,1.0,"[0.3879830302916993,0.6120169697083007]",0.6120169697083007
183,189,1,1.0,"[0.45907009281120426,0.5409299071887957]",0.5409299071887957
193,197,0,0.0,"[0.7842646316479448,0.2157353683520552]",0.2157353683520552
140,143,1,0.0,"[0.5101514633057339,0.4898485366942661]",0.4898485366942661
100,94,1,1.0,"[0.21131942407065749,0.7886805759293425]",0.7886805759293425
162,185,0,1.0,"[0.4737436799830478,0.5262563200169522]",0.5262563200169522
200,94,1,0.0,"[0.5704098845278802,0.4295901154721198]",0.4295901154721198
140,161,1,1.0,"[0.3969386585620907,0.6030613414379093]",0.6030613414379093
144,70,0,0.0,"[0.7559363895635427,0.2440636104364573]",0.2440636104364573
174,94,1,1.0,"[0.4358980208416844,0.5641019791583156]",0.5641019791583156
161,178,1,1.0,"[0.3316793791480694,0.6683206208519306]",0.6683206208519306
102,188,0,1.0,"[0.3774628873164758,0.6225371126835242]",0.6225371126835242
128,61,1,1.0,"[0.2870389110219013,0.7129610889780986]",0.7129610889780986
165,195,0,1.0,"[0.41744383439089155,0.5825561656091085]",0.5825561656091085
61,74,1,1.0,"[0.39356697716397576,0.6064330228360242]",0.6064330228360242
143,69,0,1.0,"[0.3121881655537153,0.6878118344462847]",0.6878118344462847
159,178,0,0.0,"[0.6707588377351138,0.3292411622648862]",0.3292411622648862
61,70,1,1.0,"[0.3790640282653576,0.6209359717346423]",0.6209359717346423
161,187,1,1.0,"[0.20701922941763734,0.7929807705823626]",0.7929807705823626
61,66,1,0.0,"[0.8724814742111819,0.12751852578881806]",0.12751852578881806
106,139,0,0.0,"[0.8593801530785762,0.14061984692142382]",0.14061984692142382
190,94,1,0.0,"[0.6158143060358233,0.3841856939641767]",0.3841856939641767
119,88,0,1.0,"[0.22453899910161101,0.775461000898389]",0.775461000898389
101,112,0,0.0,"[0.8206468679821954,0.17935313201780456]",0.17935313201780456
146,186,0,1.0,"[0.4498186948560438,0.5501813051439561]",0.5501813051439561
107,61,1,1.0,"[0.17920097054781037,0.8207990294521896]",0.8207990294521896
161,179,1,0.0,"[0.6961214586520968,0.30387854134790315]",0.30387854134790315
161,165,1,0.0,"[0.676367148514723,0.323632851485277]",0.323632851485277
150,74,0,0.0,"[0.6022833081834545,0.39771669181654545]",0.39771669181654545
118,94,1,1.0,"[0.22332747231149402,0.776672527688506]",0.776672527688506
131,61,1,1.0,"[0.2918797365587505,0.7081202634412496]",0.7081202634412496
101,61,1,1.0,"[0.17238120507490373,0.8276187949250963]",0.8276187949250963
181,94,1,1.0,"[0.44169402657778034,0.5583059734222197]",0.5583059734222197
110,117,0,0.0,"[0.7558611131850107,0.2441388868149893]",0.2441388868149893
194,94,1,0.0,"[0.6268889699384231,0.37311103006157686]",0.37311103006157686
129,184,0,0.0,"[0.6372448760521119,0.3627551239478881]",0.3627551239478881
143,64,0,1.0,"[0.30565772301584765,0.6943422769841523]",0.6943422769841523
76,82,0,0.0,"[0.9578668278548862,0.042133172145113806]",0.042133172145113806
135,61,1,1.0,"[0.36429874819959707,0.6357012518004029]",0.6357012518004029
161,61,1,1.0,"[0.15315513409072787,0.8468448659092721]",0.8468448659092721
158,81,0,0.0,"[0.7959319433194533,0.20406805668054673]",0.20406805668054673
161,182,1,1.0,"[0.4323325807132261,0.5676674192867739]",0.5676674192867739
114,79,0,1.0,"[0.3907908522985356,0.6092091477014644]",0.6092091477014644
191,89,0,0.0,"[0.9156605583672827,0.08433944163271734]",0.08433944163271734
77,95,0,0.0,"[0.7874388842759399,0.2125611157240601]",0.2125611157240601
140,142,1,0.0,"[0.7523635966939483,0.24763640330605174]",0.24763640330605174
107,94,1,1.0,"[0.17474563152443381,0.8252543684755662]",0.8252543684755662
61,72,1,0.0,"[0.7137388952726857,0.28626110472731425]",0.28626110472731425
158,84,0,1.0,"[0.4504073200382828,0.5495926799617172]",0.5495926799617172
94,96,1,1.0,"[0.48203046345881195,0.517969536541188]",0.517969536541188
168,61,1,1.0,"[0.2457068692197914,0.7542931307802085]",0.7542931307802085
